# lap_count, lap_success, laptime, completion, NA, NA, NA, Computation_time
1.000000  ,1.000000  ,25.320000 ,99.760000 ,0.000000  ,0.000000  ,0.000000  ,24.106931 
2.000000  ,1.000000  ,25.320000 ,99.760000 ,0.000000  ,0.000000  ,0.000000  ,23.045572 
3.000000  ,1.000000  ,25.320000 ,99.760000 ,0.000000  ,0.000000  ,0.000000  ,22.906836 
4.000000  ,1.000000  ,25.320000 ,99.760000 ,0.000000  ,0.000000  ,0.000000  ,22.019611 
5.000000  ,1.000000  ,25.320000 ,99.760000 ,0.000000  ,0.000000  ,0.000000  ,21.795526 
