# lap_count, lap_success, laptime, completion, NA, NA, NA, Computation_time
1.000000  ,1.000000  ,25.320000 ,99.760000 ,0.000000  ,0.000000  ,0.000000  ,16.430243 
2.000000  ,1.000000  ,25.320000 ,99.760000 ,0.000000  ,0.000000  ,0.000000  ,16.383646 
3.000000  ,1.000000  ,25.320000 ,99.760000 ,0.000000  ,0.000000  ,0.000000  ,16.375087 
4.000000  ,1.000000  ,25.320000 ,99.760000 ,0.000000  ,0.000000  ,0.000000  ,16.375316 
5.000000  ,1.000000  ,25.320000 ,99.760000 ,0.000000  ,0.000000  ,0.000000  ,16.393018 
