# laptime, ego_x_pos, ego_y_pos, actual speed, expected speed, tracking error, nosie, completion, steering, slip_angle
0.000000  ,0.211887  ,0.039303  ,0.000000  ,0.000000  ,0.000000  ,0.022071  ,0.100000  ,0.018877  ,9.785917  
0.000000  ,0.000000  ,0.000000  ,0.000000  ,0.000000  ,0.000000  ,0.000000  ,0.000000  ,0.000000  ,0.000000  
