# laptime, ego_x_pos, ego_y_pos, actual speed, expected speed, tracking error, nosie, completion, steering, slip_angle
0.000000  ,0.211887  ,0.039303  ,0.000000  ,0.000000  ,0.000000  ,-0.046444 ,0.100000  ,-0.049638 ,0.722556  
0.000000  ,0.000000  ,0.000000  ,0.000000  ,0.000000  ,0.000000  ,0.000000  ,0.000000  ,0.000000  ,0.000000  
