# lap_count, lap_success, laptime, completion, NA, NA, NA, Computation_time
1.000000  ,1.000000  ,34.160000 ,100.000000,0.000000  ,0.000000  ,0.000000  ,21.611704 
2.000000  ,1.000000  ,34.160000 ,100.000000,0.000000  ,0.000000  ,0.000000  ,21.608876 
3.000000  ,1.000000  ,34.160000 ,100.000000,0.000000  ,0.000000  ,0.000000  ,21.627271 
4.000000  ,1.000000  ,34.160000 ,100.000000,0.000000  ,0.000000  ,0.000000  ,21.668973 
5.000000  ,1.000000  ,34.160000 ,100.000000,0.000000  ,0.000000  ,0.000000  ,21.587944 
