# laptime, completion, ego_x_pos, ego_y_pos, actual speed, expected speed, tracking error
0.000000  ,0.110000  ,0.173389  ,0.195120  ,0.023389  ,8.000000  ,0.000000  ,0.000000  
0.000000  ,0.110000  ,0.173389  ,0.195120  ,0.023389  ,8.000000  ,0.000000  ,-0.000000 
