# lap_count, lap_success, laptime, completion, NA, NA, NA, Computation_time
1.000000  ,1.000000  ,29.080000 ,100.000000,0.000000  ,0.000000  ,0.000000  ,21.926476 
2.000000  ,1.000000  ,29.080000 ,100.000000,0.000000  ,0.000000  ,0.000000  ,20.103293 
3.000000  ,1.000000  ,29.080000 ,100.000000,0.000000  ,0.000000  ,0.000000  ,19.973449 
4.000000  ,1.000000  ,29.080000 ,100.000000,0.000000  ,0.000000  ,0.000000  ,19.844884 
5.000000  ,1.000000  ,29.080000 ,100.000000,0.000000  ,0.000000  ,0.000000  ,20.072808 
