# lap_count, lap_success, laptime, completion, NA, NA, NA, Computation_time
1.000000  ,1.000000  ,29.080000 ,100.000000,0.000000  ,0.000000  ,0.000000  ,19.987896 
2.000000  ,1.000000  ,29.080000 ,100.000000,0.000000  ,0.000000  ,0.000000  ,22.710963 
3.000000  ,1.000000  ,29.080000 ,100.000000,0.000000  ,0.000000  ,0.000000  ,22.193830 
4.000000  ,1.000000  ,29.080000 ,100.000000,0.000000  ,0.000000  ,0.000000  ,21.763733 
5.000000  ,1.000000  ,29.080000 ,100.000000,0.000000  ,0.000000  ,0.000000  ,21.324022 
