# lap_count, lap_success, laptime, completion, NA, NA, NA, Computation_time
1.000000  ,0.000000  ,2.220000  ,5.400000  ,0.000000  ,0.000000  ,0.304862  ,4.742803  
2.000000  ,1.000000  ,0.020000  ,0.110000  ,0.000000  ,0.000000  ,0.307710  ,0.046317  
3.000000  ,1.000000  ,0.020000  ,0.110000  ,0.000000  ,0.000000  ,0.310559  ,0.040524  
4.000000  ,1.000000  ,0.020000  ,0.110000  ,0.000000  ,0.000000  ,0.313408  ,0.056986  
5.000000  ,1.000000  ,0.020000  ,0.110000  ,0.000000  ,0.000000  ,0.316256  ,0.037779  
6.000000  ,1.000000  ,0.020000  ,0.110000  ,0.000000  ,0.000000  ,0.319105  ,0.031894  
7.000000  ,1.000000  ,0.020000  ,0.110000  ,0.000000  ,0.000000  ,0.321954  ,0.031236  
